age_group,Very often,Sometimes,Rarely,Never
18-25,16.788598574821854,58.85985748218528,18.02375296912114,6.327790973871735
26-35,11.778682959945689,61.02813607905257,20.521234065022252,6.671946895979483
36-50,7.515197568389058,58.50303951367781,24.711246200607903,9.270516717325227
50+,7.3426573426573425,52.18531468531469,25.786713286713287,14.685314685314685
